brand,upvotes,comments,
GMK,7,2,
GMK,130,9,
MW,68,4,
Domikey,122,12,
Osume,155,20,
Osume,108,9,
ePBT,53,15,
MT3,76,14,
ePBT,122,16,
ePBT,103,5,
MW,166,28,
GMK,106,12,
ePBT,56,12,
GMK,65,25,
GMK,93,46,
WS,37,12,
SP,41,8,
MG,17,4,
ePBT,91,16,
GMK,53,12,
GMK,42,10,
GMK,72,11,
ePBT,26,5,
DSS,34,10,
MW,92,16,
ePBT,56,9,
ePBT,78,12,
ePBT,49,9,
MW,82,13,
ePBT,91,9,
GMK,58,12,
GMK,99,24,
GMK,43,9,
DCS,123,11,
KAM,82,10,
GMK,247,57,
GMK,106,8,
SA,96,9,
GMK,58,11,
ePBT,111,4,
GMK,116,17,
Domikey,170,68,
KAM,27,12,
GMK,56,18,
GMK,68,10,
GMK,47,33,
GMK,52,40,
SA,38,10,
xPBT,82,15,
ePBT,55,2,
ePBT,29,6,
MW,90,18,
GMK,51,5,
GMK,83,19,
GMK,57,19,
DCS,131,22,
GMK,108,13,
GMK,49,17,
ePBT,78,6,
MW,136,8,
KAM,42,20,
GMK,139,19,
Geekark,104,33,
DSS,37,4,
GMK,26,8,
JTK,35,4,
GMK,130,18,
GMK,50,3,
ePBT,124,17,
SA,59,7,
GMK,83,24,
GMK,129,19,
MW,64,12,
Osume,178,26,
DSS,50,5,
SA,123,14,
DCS,144,29,
GMK,43,23,
GMK,104,41,
MG,35,7,
DCS,45,5,
GMK,106,19,
GMK,57,13,
GMK,143,23,
ePBT,51,6,
GMK,83,24,
GMK,0,12,
SA,116,15,
KAM,83,11,
GMK,91,19,
PBT,105,17,
GMK,154,26,
GMK,90,16,
PBT,182,30,
ePBT,49,7,
GMK,28,10,
GMK,278,63,
SA,88,25,
SA,104,19,
GMK,56,4,
ePBT,80,9,
Infinikey,101,31,
GMK,104,17,
ePBT,88,8,
DCS,52,16,
TMT,39,4,
GMK,90,19,
Domikey,138,39,
GMK,139,38,
GMK,93,8,
KAT,56,21,
ePBT,58,15,
GMK,117,26,
GMK,39,14,
GMK,27,3,
GMK,87,21,
GMK,94,22,
GMK,40,7,
GMK,148,10,
GMK,87,25,
GMK,48,4,
GMK,142,24,
Domikey,110,27,
GMK,167,36,
GMK,119,17,
PBT,92,14,
ePBT,133,11,
DSS,48,13,
GMK,332,132,
GMK,161,27,
GMK,70,12,
GMK,62,19,
GMK,210,30,
GMK,163,22,
GMK,41,27,
DSA,148,12,
DSA,30,15,
GMK,152,34,
GMK,97,23,
GMK,73,17,
GMK,122,20,
GMK,27,56,
MG,85,24,
GMK,163,18,
GMK,24,48,
ePBT,230,17,
Osume,116,38,
ePBT,99,13,
GMK,160,25,
GMK,76,21,
GMK,56,16,
ePBT,124,19,
GMK,159,25,
DSS,102,6,
DSA,80,7,
GMK,48,7,
DSA,41,11,
KAM,162,37,
ePBT,41,12,
GMK,156,38,
KAM,102,12,
GMK,147,19,
ePBT,61,13,
Geekark,9,16,
Infinikey,95,24,
SA,64,19,
PBT,119,11,
SA,44,12,
SA,70,35,
KAT,333,76,
GMK,198,22,
GMK,182,47,
ePBT,158,25,
GMK,116,7,
GMK,86,24,
GMK,62,12,
Yeehaw,168,20,
Infinikey,11,27,
Hammerworks,160,85,
DSS,15,3,
GMK,160,13,
GMK,74,33,
GMK,121,27,
DSA,34,24,
GMK,45,23,
GMK,82,31,
GMK,141,8,
ePBT,132,28,
ePBT,45,5,
GMK,106,11,
GMK,145,23,
GMK,122,28,
GMK,0,12,
DSS,35,11,
GMK,83,11,
GMK,167,38,
SA,96,31,
ePBT,75,10,
GMK,71,41,
SA,193,22,
Geekark,147,25,
GMK,57,20,
DSS,87,10,
GMK,79,23,
JTK,154,39,
GMK,186,15,
GMK,142,27,
GMK,114,5,
GMK,270,54,
SA,25,8,
MG,109,10,
GMK,97,16,
KBDFans,52,15,
DCS,53,11,
GMK,163,35,
Infinikey,34,27,
SA,130,21,
Geekark,103,41,
ePBT,65,43,
GMK,54,5,
Geekark,89,20,
GMK,191,16,
Drop,109,27,
ePBT,103,24,
Infinikey,75,45,
SA,41,11,
GMK,135,11,
GMK,86,6,
GMK,118,14,
GMK,127,12,
GMK,231,19,
GMK,332,56,
GMK,170,57,
GMK,174,42,
GMK,56,11,
DSA,41,18,
JDA,147,27,
GeekArk,106,44,
ePBT,124,20,
MG,14,31,
DSS,74,18,
GMK,50,82,
GMK,248,20,
DSS,79,11,
GMK,142,35,
GMK,174,14,
GMK,59,19,
KAT,132,16,
GMK,98,14,
GMK,280,60,
GMK,187,32,
ePBT,178,27,
SA,75,18,
PBT,32,8,
GMK,163,15,
GMK,186,24,
ePBT,63,19,
KAM,230,54,
GMK,164,36,
GMK,204,24,
GMK,100,52,
ePBT,20,5,
GMK,116,25,
GMK,133,25,
Infinikey,136,23,
GMK,68,18,
GMK,96,17,
GMK,139,28,
GMK,227,23,
KAT,55,8,
GMK,71,13,
GMK,153,10,
SA,17,2,
